user,input_code,model_a,model_b,winner,is_strong,juiceOptions,juiceOtherReason
56b78f11e77ebe000cbefe79,10_kieks_0_73_73_sample_2_0250-0590,Seamless,BEAT2,model_a,True,"[""MotionSmoothness""]",
56b78f11e77ebe000cbefe79,12_zhao_0_103_103_sample_2_1787-2070,SemanticGesticulator,Seamless,model_a,True,"[""RecognisableGestures"",""MotionSmoothness""]",
56b78f11e77ebe000cbefe79,13_lu_0_81_81_sample_5_0302-0634,RAG-Gesture,Seamless,model_a,True,"[""UnrealisticMotion""]",
56b78f11e77ebe000cbefe79,13_lu_0_95_95_sample_5_0324-0566,BEAT2,Seamless,tie,,{},
56b78f11e77ebe000cbefe79,15_carlos_0_87_87_sample_4_0346-0654,Seamless,HoloGest,model_a,True,"[""MotionSmoothness"",""RecognisableGestures""]",
56b78f11e77ebe000cbefe79,17_itoi_0_65_65_sample_5_0284-0612,DiffuseStyleGesture,Seamless,model_b,True,"[""RecognisableGestures""]",
56b78f11e77ebe000cbefe79,18_daiki_0_2_2_sample_1_0683-1017,Seamless,SemanticGesticulator,tie,,{},
56b78f11e77ebe000cbefe79,1_wayne_0_6_6_sample_5_0344-0618,Seamless,DiffuseStyleGesture,model_b,True,"[""RecognisableGestures"",""AmountIntensityOfMotion""]",
56b78f11e77ebe000cbefe79,1_wayne_0_6_6_sample_5_0344-0618,SemanticGesticulator,HoloGest,model_b,False,"[""RecognisableGestures"",""AmountIntensityOfMotion""]",
56b78f11e77ebe000cbefe79,20_li_0_95_95_sample_2_0344-0650,HoloGest,Seamless,model_b,False,"[""AmountIntensityOfMotion""]",
56b78f11e77ebe000cbefe79,21_ayana_0_81_81_sample_1_0236-0585,Seamless,AMUSE,model_a,True,"[""MotionSmoothness"",""RecognisableGestures""]",
56b78f11e77ebe000cbefe79,21_ayana_0_81_81_sample_1_0236-0585,ConvoFusion,Seamless,model_b,False,"[""RecognisableGestures""]",
56b78f11e77ebe000cbefe79,21_ayana_0_81_81_sample_1_0236-0585,Seamless,RAG-Gesture,tie,,{},
56b78f11e77ebe000cbefe79,22_luqi_0_103_103_sample_2_0339-0687,SemanticGesticulator,Seamless,model_b,False,"[""RecognisableGestures"",""MotionSmoothness""]",
56b78f11e77ebe000cbefe79,24_kexin_0_111_111_sample_5_0352-0696,SemanticGesticulator,RAG-Gesture,model_b,True,"[""RecognisableGestures"",""AmountIntensityOfMotion"",""MotionSmoothness""]",
56b78f11e77ebe000cbefe79,25_goto_0_95_95_sample_2_0349-0706,RAG-Gesture,Seamless,tie,,{},
56b78f11e77ebe000cbefe79,27_yingqing_0_1_1_sample_3_0322-0620,HoloGest,Seamless,model_a,False,"[""RecognisableGestures""]",
56b78f11e77ebe000cbefe79,28_tiffnay_0_65_65_sample_4_0341-0666,SemanticGesticulator,RAG-Gesture,model_a,True,"[""AmountIntensityOfMotion"",""MotionSmoothness""]",
56b78f11e77ebe000cbefe79,30_katya_0_2_2_sample_2_0292-0644,Seamless,ConvoFusion,model_b,True,"[""MotionSmoothness"",""RecognisableGestures"",""AmountIntensityOfMotion""]",
56b78f11e77ebe000cbefe79,30_katya_0_87_87_sample_1_0320-0659,AMUSE,Seamless,model_b,True,"[""RecognisableGestures"",""MotionSmoothness""]",
56b78f11e77ebe000cbefe79,4_lawrence_0_81_81_sample_3_0348-0701,HoloGest,Seamless,model_a,True,"[""RecognisableGestures""]",
56b78f11e77ebe000cbefe79,5_stewart_0_7_7_sample_3_0293-0571,Seamless,ConvoFusion,model_b,False,"[""MotionSmoothness""]",
56b78f11e77ebe000cbefe79,9_miranda_0_73_73_sample_1_0265-0592,Seamless,AMUSE,model_a,True,"[""MotionSmoothness"",""RecognisableGestures""]",
56b78f11e77ebe000cbefe79,9_miranda_0_87_87_sample_1_0397-0651,ConvoFusion,Seamless,model_b,False,"[""MotionSmoothness"",""AmountIntensityOfMotion""]",
56b78f11e77ebe000cbefe79,9_miranda_0_87_87_sample_1_0397-0651,DiffuseStyleGesture,Seamless,model_b,True,"[""MotionSmoothness""]",
5c04872c55614800012b7cf0,10_kieks_0_95_95_sample_3_0317-0645,Seamless,ConvoFusion,model_a,True,"[""UnrealisticMotion"",""RecognisableGestures"",""AmountIntensityOfMotion"",""MotionOther""]","""Right has her elbows unnaturally 'glued' to her side. Humans can do that easily but it's a weird gesture for a human."""
5c04872c55614800012b7cf0,11_nidal_0_3_3_sample_5_0254-0610,Seamless,AMUSE,model_a,True,"[""MotionSmoothness"",""AmountIntensityOfMotion""]",
5c04872c55614800012b7cf0,12_zhao_0_2_2_sample_3_0320-0579,Seamless,DiffuseStyleGesture,tie,,{},
5c04872c55614800012b7cf0,13_lu_0_81_81_sample_5_0302-0634,SemanticGesticulator,Seamless,model_b,True,"[""MotionOther"",""RecognisableGestures"",""MotionSmoothness""]","""Right has a huge glitch of limbs penetrating the body, but I feel Right is noticeably superior in terms of being more real up to that point."""
5c04872c55614800012b7cf0,13_lu_0_95_95_sample_5_0324-0566,Seamless,ConvoFusion,model_a,False,"[""AmountIntensityOfMotion""]",
5c04872c55614800012b7cf0,15_carlos_0_1_1_sample_5_0328-0688,Seamless,RAG-Gesture,model_b,True,"[""UnrealisticMotion"",""RecognisableGestures""]",
5c04872c55614800012b7cf0,17_itoi_0_2_2_sample_1_0356-0677,Seamless,SemanticGesticulator,model_a,True,"[""AmountIntensityOfMotion""]",
5c04872c55614800012b7cf0,18_daiki_0_2_2_sample_1_0683-1017,ConvoFusion,RAG-Gesture,model_b,False,"[""UnrealisticMotion"",""MotionSmoothness"",""AmountIntensityOfMotion""]",
5c04872c55614800012b7cf0,18_daiki_0_65_65_sample_3_0219-0575,Seamless,BEAT2,model_b,False,"[""RecognisableGestures""]",
5c04872c55614800012b7cf0,18_daiki_0_81_81_sample_4_0277-0624,HoloGest,Seamless,model_b,False,"[""AmountIntensityOfMotion"",""RecognisableGestures"",""MotionSmoothness""]",
5c04872c55614800012b7cf0,1_wayne_0_3_3_sample_3_0264-0598,RAG-Gesture,Seamless,model_b,False,"[""RecognisableGestures"",""AmountIntensityOfMotion""]",
5c04872c55614800012b7cf0,1_wayne_0_73_73_sample_4_0358-0696,Seamless,HoloGest,model_a,False,"[""UnrealisticMotion"",""RecognisableGestures""]",
5c04872c55614800012b7cf0,1_wayne_0_73_73_sample_4_0358-0696,Seamless,DiffuseStyleGesture,model_a,True,"[""UnrealisticMotion""]",
5c04872c55614800012b7cf0,1_wayne_0_81_81_sample_5_0324-0628,BEAT2,Seamless,model_b,False,"[""AmountIntensityOfMotion"",""MotionOther""]","""It's in the hands; Left is too open-fingered and too stiff in the hands."""
5c04872c55614800012b7cf0,20_li_0_1_1_sample_3_0285-0561,DiffuseStyleGesture,Seamless,model_b,True,"[""UnrealisticMotion"",""AmountIntensityOfMotion""]",
5c04872c55614800012b7cf0,20_li_0_65_65_sample_4_0351-0701,Seamless,BEAT2,model_b,True,"[""UnrealisticMotion"",""MotionOther""]","""There's something unnatural about the left...like it's too....obvious or too false."""
5c04872c55614800012b7cf0,21_ayana_0_103_103_sample_5_1967-2220,Seamless,SemanticGesticulator,tie,,{},
5c04872c55614800012b7cf0,21_ayana_0_81_81_sample_1_0236-0585,AMUSE,Seamless,model_b,True,"[""MotionSmoothness""]",
5c04872c55614800012b7cf0,23_hailing_0_111_111_sample_2_0340-0691,Seamless,HoloGest,model_b,False,"[""AmountIntensityOfMotion""]",
5c04872c55614800012b7cf0,24_kexin_0_111_111_sample_5_0352-0696,Seamless,RAG-Gesture,model_b,True,"[""AmountIntensityOfMotion"",""RecognisableGestures""]",
5c04872c55614800012b7cf0,2_scott_0_111_111_sample_4_0288-0582,RAG-Gesture,HoloGest,tie,,{},
5c04872c55614800012b7cf0,2_scott_0_3_3_sample_2_0359-0591,Seamless,ConvoFusion,model_b,False,"[""AmountIntensityOfMotion""]",
5c04872c55614800012b7cf0,2_scott_0_3_3_sample_2_0359-0591,RAG-Gesture,Seamless,model_b,False,"[""UnrealisticMotion"",""MotionSmoothness""]",
5c04872c55614800012b7cf0,3_solomon_0_5_5_sample_1_0299-0636,HoloGest,SemanticGesticulator,model_a,False,"[""AmountIntensityOfMotion"",""RecognisableGestures"",""MotionOther"",""UnrealisticMotion""]","""The hands are so weird in both. Right has better hands but the gestures overall are weird."""
5c04872c55614800012b7cf0,9_miranda_0_87_87_sample_1_0397-0651,AMUSE,Seamless,model_b,False,"[""AmountIntensityOfMotion"",""MotionSmoothness""]",
5c388683fb3f0f0001fdf65a,10_kieks_0_95_95_sample_3_0317-0645,BEAT2,ConvoFusion,model_b,True,"[""UnrealisticMotion"",""AmountIntensityOfMotion""]",
5c388683fb3f0f0001fdf65a,11_nidal_0_73_73_sample_3_0297-0649,SemanticGesticulator,DiffuseStyleGesture,model_a,True,"[""UnrealisticMotion"",""RecognisableGestures""]",
5c388683fb3f0f0001fdf65a,13_lu_0_81_81_sample_5_0302-0634,DiffuseStyleGesture,ConvoFusion,model_b,True,"[""RecognisableGestures"",""UnrealisticMotion""]",
5c388683fb3f0f0001fdf65a,15_carlos_0_65_65_sample_5_0338-0676,DiffuseStyleGesture,RAG-Gesture,model_b,True,"[""UnrealisticMotion""]",
5c388683fb3f0f0001fdf65a,16_jorge_0_1_1_sample_5_0316-0617,SemanticGesticulator,DiffuseStyleGesture,model_a,True,"[""RecognisableGestures"",""MotionOther""]","""That left arm in the right video is unusually limp."""
5c388683fb3f0f0001fdf65a,16_jorge_0_65_65_sample_4_0336-0621,SemanticGesticulator,AMUSE,model_a,False,"[""AmountIntensityOfMotion"",""MotionSmoothness""]",
5c388683fb3f0f0001fdf65a,17_itoi_0_103_103_sample_3_0329-0679,RAG-Gesture,ConvoFusion,model_a,False,"[""AmountIntensityOfMotion"",""RecognisableGestures""]",
5c388683fb3f0f0001fdf65a,1_wayne_0_6_6_sample_5_0344-0618,AMUSE,DiffuseStyleGesture,tie,,{},
5c388683fb3f0f0001fdf65a,1_wayne_0_81_81_sample_5_0324-0628,ConvoFusion,SemanticGesticulator,tie,,{},
5c388683fb3f0f0001fdf65a,20_li_0_111_111_sample_1_0308-0647,AMUSE,SemanticGesticulator,model_b,True,"[""AmountIntensityOfMotion"",""MotionSmoothness"",""MotionOther""]","""The left video motions are unusually jerky."""
5c388683fb3f0f0001fdf65a,20_li_0_111_111_sample_1_0308-0647,SemanticGesticulator,RAG-Gesture,model_b,False,"[""RecognisableGestures""]",
5c388683fb3f0f0001fdf65a,22_luqi_0_95_95_sample_5_0353-0692,RAG-Gesture,SemanticGesticulator,model_a,True,"[""AmountIntensityOfMotion"",""UnrealisticMotion""]",
5c388683fb3f0f0001fdf65a,23_hailing_0_103_103_sample_1_0302-0604,DiffuseStyleGesture,BEAT2,model_b,True,"[""UnrealisticMotion"",""AmountIntensityOfMotion""]",
5c388683fb3f0f0001fdf65a,23_hailing_0_81_81_sample_2_0278-0629,HoloGest,RAG-Gesture,model_b,False,"[""RecognisableGestures"",""AmountIntensityOfMotion""]",
5c388683fb3f0f0001fdf65a,24_kexin_0_103_103_sample_4_0347-0684,HoloGest,AMUSE,model_a,False,"[""AmountIntensityOfMotion"",""MotionSmoothness""]",
5c388683fb3f0f0001fdf65a,25_goto_0_81_81_sample_4_0645-0995,SemanticGesticulator,BEAT2,model_a,True,"[""AmountIntensityOfMotion""]",
5c388683fb3f0f0001fdf65a,27_yingqing_0_65_65_sample_5_0332-0690,ConvoFusion,AMUSE,model_a,False,"[""AmountIntensityOfMotion"",""MotionSmoothness""]",
5c388683fb3f0f0001fdf65a,28_tiffnay_0_65_65_sample_4_0341-0666,BEAT2,RAG-Gesture,model_b,True,"[""MotionSmoothness"",""AmountIntensityOfMotion""]",
5c388683fb3f0f0001fdf65a,2_scott_0_1_1_sample_4_0224-0535,SemanticGesticulator,HoloGest,model_b,False,"[""RecognisableGestures""]",
5c388683fb3f0f0001fdf65a,2_scott_0_1_1_sample_4_0224-0535,HoloGest,ConvoFusion,model_b,False,"[""AmountIntensityOfMotion"",""RecognisableGestures""]",
5c388683fb3f0f0001fdf65a,3_solomon_0_5_5_sample_1_0299-0636,ConvoFusion,DiffuseStyleGesture,model_a,True,"[""UnrealisticMotion"",""RecognisableGestures""]",
5c388683fb3f0f0001fdf65a,6_carla_0_103_103_sample_1_0350-0696,ConvoFusion,AMUSE,model_a,True,"[""AmountIntensityOfMotion"",""MotionSmoothness""]",
5c388683fb3f0f0001fdf65a,6_carla_0_65_65_sample_2_0352-0655,RAG-Gesture,AMUSE,tie,,[],
5c388683fb3f0f0001fdf65a,7_sophie_0_65_65_sample_2_0357-0705,BEAT2,SemanticGesticulator,model_a,True,"[""RecognisableGestures"",""MotionOther""]","""The arms on the right video look like they suffered paralysis from a certain disease."""
5c388683fb3f0f0001fdf65a,9_miranda_0_73_73_sample_1_0265-0592,HoloGest,DiffuseStyleGesture,model_a,True,"[""UnrealisticMotion"",""AmountIntensityOfMotion"",""RecognisableGestures""]",
60de11d08bb67fc2a1e19c6a,10_kieks_0_73_73_sample_2_0250-0590,SemanticGesticulator,HoloGest,model_a,False,"[""MotionSmoothness"",""AmountIntensityOfMotion""]",
60de11d08bb67fc2a1e19c6a,10_kieks_0_8_8_sample_2_0350-0622,RAG-Gesture,ConvoFusion,model_b,False,"[""AmountIntensityOfMotion""]",
60de11d08bb67fc2a1e19c6a,10_kieks_0_95_95_sample_3_0317-0645,HoloGest,ConvoFusion,model_b,False,"[""AmountIntensityOfMotion""]",
60de11d08bb67fc2a1e19c6a,11_nidal_0_3_3_sample_5_0254-0610,ConvoFusion,HoloGest,tie,,{},
60de11d08bb67fc2a1e19c6a,11_nidal_0_3_3_sample_5_0254-0610,HoloGest,SemanticGesticulator,model_b,True,"[""AmountIntensityOfMotion""]",
60de11d08bb67fc2a1e19c6a,13_lu_0_103_103_sample_4_0344-0615,HoloGest,ConvoFusion,tie,,{},
60de11d08bb67fc2a1e19c6a,13_lu_0_81_81_sample_5_0302-0634,RAG-Gesture,HoloGest,tie,,{},
60de11d08bb67fc2a1e19c6a,15_carlos_0_65_65_sample_5_0338-0676,RAG-Gesture,ConvoFusion,model_a,False,"[""MotionSmoothness"",""AmountIntensityOfMotion""]",
60de11d08bb67fc2a1e19c6a,17_itoi_0_2_2_sample_1_0356-0677,SemanticGesticulator,HoloGest,model_b,True,"[""MotionSmoothness"",""AmountIntensityOfMotion""]",
60de11d08bb67fc2a1e19c6a,17_itoi_0_73_73_sample_4_0251-0547,HoloGest,SemanticGesticulator,model_b,False,"[""RecognisableGestures"",""AmountIntensityOfMotion""]",
60de11d08bb67fc2a1e19c6a,17_itoi_0_73_73_sample_4_0251-0547,RAG-Gesture,ConvoFusion,model_a,False,"[""MotionSmoothness"",""AmountIntensityOfMotion""]",
60de11d08bb67fc2a1e19c6a,18_daiki_0_111_111_sample_2_0331-0677,RAG-Gesture,HoloGest,model_a,False,"[""RecognisableGestures"",""AmountIntensityOfMotion""]",
60de11d08bb67fc2a1e19c6a,18_daiki_0_65_65_sample_3_0219-0575,HoloGest,RAG-Gesture,model_b,True,"[""MotionSmoothness"",""AmountIntensityOfMotion"",""UnrealisticMotion"",""RecognisableGestures""]",
60de11d08bb67fc2a1e19c6a,1_wayne_0_3_3_sample_3_0264-0598,HoloGest,SemanticGesticulator,model_a,False,"[""MotionSmoothness""]",
60de11d08bb67fc2a1e19c6a,20_li_0_1_1_sample_3_0285-0561,HoloGest,ConvoFusion,tie,,{},
60de11d08bb67fc2a1e19c6a,22_luqi_0_73_73_sample_4_0346-0670,HoloGest,RAG-Gesture,model_b,True,"[""MotionSmoothness"",""AmountIntensityOfMotion"",""RecognisableGestures""]",
60de11d08bb67fc2a1e19c6a,22_luqi_0_95_95_sample_5_0353-0692,RAG-Gesture,HoloGest,model_a,True,"[""RecognisableGestures"",""AmountIntensityOfMotion"",""MotionSmoothness""]",
60de11d08bb67fc2a1e19c6a,23_hailing_0_103_103_sample_1_0302-0604,ConvoFusion,HoloGest,model_a,False,"[""AmountIntensityOfMotion"",""MotionSmoothness""]",
60de11d08bb67fc2a1e19c6a,23_hailing_0_81_81_sample_2_0278-0629,ConvoFusion,RAG-Gesture,tie,,{},
60de11d08bb67fc2a1e19c6a,28_tiffnay_0_65_65_sample_4_0341-0666,HoloGest,RAG-Gesture,model_a,False,"[""MotionSmoothness"",""AmountIntensityOfMotion""]",
60de11d08bb67fc2a1e19c6a,30_katya_0_111_111_sample_1_0316-0655,SemanticGesticulator,HoloGest,tie,,{},
60de11d08bb67fc2a1e19c6a,4_lawrence_0_95_95_sample_1_0330-0649,HoloGest,SemanticGesticulator,model_b,False,"[""MotionSmoothness"",""AmountIntensityOfMotion""]",
60de11d08bb67fc2a1e19c6a,4_lawrence_0_95_95_sample_1_0330-0649,HoloGest,ConvoFusion,tie,,{},
60de11d08bb67fc2a1e19c6a,6_carla_0_103_103_sample_1_0350-0696,HoloGest,RAG-Gesture,tie,,{},
60de11d08bb67fc2a1e19c6a,7_sophie_0_111_111_sample_4_0333-0613,ConvoFusion,RAG-Gesture,model_b,False,"[""AmountIntensityOfMotion""]",
612df482fb26d2d8dab91688,11_nidal_0_3_3_sample_5_0254-0610,RAG-Gesture,BEAT2,model_b,False,"[""RecognisableGestures""]",
612df482fb26d2d8dab91688,12_zhao_0_103_103_sample_2_1787-2070,RAG-Gesture,ConvoFusion,model_a,True,"[""RecognisableGestures""]",
612df482fb26d2d8dab91688,13_lu_0_103_103_sample_4_0344-0615,SemanticGesticulator,ConvoFusion,model_b,False,"[""MotionSmoothness""]",
612df482fb26d2d8dab91688,13_lu_0_73_73_sample_3_0299-0656,RAG-Gesture,SemanticGesticulator,model_b,False,"[""AmountIntensityOfMotion""]",
612df482fb26d2d8dab91688,13_lu_0_95_95_sample_5_0324-0566,RAG-Gesture,BEAT2,model_a,False,"[""RecognisableGestures""]",
612df482fb26d2d8dab91688,15_carlos_0_65_65_sample_5_0338-0676,BEAT2,ConvoFusion,model_b,False,"[""RecognisableGestures""]",
612df482fb26d2d8dab91688,16_jorge_0_1_1_sample_5_0316-0617,RAG-Gesture,BEAT2,model_b,False,"[""AmountIntensityOfMotion""]",
612df482fb26d2d8dab91688,16_jorge_0_1_1_sample_5_0316-0617,BEAT2,ConvoFusion,tie,,{},
612df482fb26d2d8dab91688,17_itoi_0_65_65_sample_5_0284-0612,HoloGest,SemanticGesticulator,model_b,False,"[""AmountIntensityOfMotion""]",
612df482fb26d2d8dab91688,1_wayne_0_87_87_sample_4_0284-0594,ConvoFusion,SemanticGesticulator,model_b,False,"[""RecognisableGestures""]",
612df482fb26d2d8dab91688,21_ayana_0_103_103_sample_5_1967-2220,SemanticGesticulator,ConvoFusion,model_a,False,"[""AmountIntensityOfMotion""]",
612df482fb26d2d8dab91688,23_hailing_0_95_95_sample_4_0354-0681,BEAT2,ConvoFusion,model_b,False,"[""MotionSmoothness""]",
612df482fb26d2d8dab91688,2_scott_0_87_87_sample_4_0319-0635,SemanticGesticulator,HoloGest,model_b,True,"[""RecognisableGestures""]",
612df482fb26d2d8dab91688,30_katya_0_111_111_sample_1_0316-0655,HoloGest,RAG-Gesture,model_a,False,"[""MotionSmoothness""]",
612df482fb26d2d8dab91688,30_katya_0_111_111_sample_1_0316-0655,ConvoFusion,RAG-Gesture,model_b,False,"[""RecognisableGestures""]",
612df482fb26d2d8dab91688,30_katya_0_111_111_sample_1_0316-0655,BEAT2,SemanticGesticulator,model_b,False,"[""RecognisableGestures""]",
612df482fb26d2d8dab91688,5_stewart_0_103_103_sample_5_0350-0625,BEAT2,HoloGest,model_b,True,"[""RecognisableGestures""]",
612df482fb26d2d8dab91688,5_stewart_0_65_65_sample_2_0256-0569,HoloGest,RAG-Gesture,model_b,False,"[""RecognisableGestures""]",
612df482fb26d2d8dab91688,6_carla_0_103_103_sample_1_0350-0696,BEAT2,SemanticGesticulator,model_b,True,"[""RecognisableGestures""]",
612df482fb26d2d8dab91688,6_carla_0_103_103_sample_1_0350-0696,HoloGest,BEAT2,tie,,{},
612df482fb26d2d8dab91688,6_carla_0_65_65_sample_2_0352-0655,HoloGest,ConvoFusion,model_a,False,"[""RecognisableGestures""]",
612df482fb26d2d8dab91688,6_carla_0_87_87_sample_5_0351-0664,SemanticGesticulator,RAG-Gesture,model_b,False,"[""RecognisableGestures""]",
612df482fb26d2d8dab91688,7_sophie_0_65_65_sample_2_0357-0705,RAG-Gesture,HoloGest,model_b,False,"[""RecognisableGestures""]",
612df482fb26d2d8dab91688,7_sophie_0_73_73_sample_3_0299-0578,HoloGest,SemanticGesticulator,model_a,False,"[""AmountIntensityOfMotion""]",
612df482fb26d2d8dab91688,7_sophie_0_8_8_sample_5_0322-0670,ConvoFusion,HoloGest,tie,,{},
63614a46bd1e8547e0a8b8ba,12_zhao_0_87_87_sample_1_0295-0634,HoloGest,RAG-Gesture,model_a,True,"[""MotionSmoothness"",""MotionOther""]","""right side looks like it's throwing a tantrum."""
63614a46bd1e8547e0a8b8ba,12_zhao_0_87_87_sample_1_0295-0634,HoloGest,SemanticGesticulator,tie,,{},
63614a46bd1e8547e0a8b8ba,13_lu_0_103_103_sample_4_0344-0615,Seamless,BEAT2,model_a,True,"[""RecognisableGestures""]",
63614a46bd1e8547e0a8b8ba,13_lu_0_73_73_sample_3_0299-0656,RAG-Gesture,ConvoFusion,model_b,False,"[""RecognisableGestures""]",
63614a46bd1e8547e0a8b8ba,15_carlos_0_65_65_sample_5_0338-0676,HoloGest,ConvoFusion,model_b,True,"[""RecognisableGestures"",""MotionSmoothness"",""AmountIntensityOfMotion""]",
63614a46bd1e8547e0a8b8ba,16_jorge_0_103_103_sample_1_0351-0699,SemanticGesticulator,HoloGest,tie,,{},
63614a46bd1e8547e0a8b8ba,16_jorge_0_103_103_sample_1_0351-0699,SemanticGesticulator,RAG-Gesture,model_a,True,"[""RecognisableGestures"",""UnrealisticMotion""]",
63614a46bd1e8547e0a8b8ba,16_jorge_0_2_2_sample_2_1164-1505,Seamless,SemanticGesticulator,model_a,True,"[""MotionSmoothness"",""MotionOther""]","""right side is kind of pacing around the room, which looks real but has some jagged movements."""
63614a46bd1e8547e0a8b8ba,20_li_0_111_111_sample_1_0308-0647,HoloGest,Seamless,model_b,True,"[""RecognisableGestures"",""MotionSmoothness""]",
63614a46bd1e8547e0a8b8ba,20_li_0_65_65_sample_4_0351-0701,Seamless,BEAT2,model_b,True,"[""RecognisableGestures"",""MotionSmoothness""]",
63614a46bd1e8547e0a8b8ba,20_li_0_65_65_sample_4_0351-0701,ConvoFusion,HoloGest,model_b,True,"[""AmountIntensityOfMotion"",""MotionOther""]","""left side looks like it's flinging water from it's hands"""
63614a46bd1e8547e0a8b8ba,22_luqi_0_103_103_sample_2_0339-0687,Seamless,RAG-Gesture,model_a,False,"[""MotionSmoothness"",""MotionOther""]","""right side was alright until the end where it started flailing a bit,"""
63614a46bd1e8547e0a8b8ba,22_luqi_0_103_103_sample_2_0339-0687,Seamless,ConvoFusion,model_a,False,"[""MotionSmoothness"",""AmountIntensityOfMotion""]",
63614a46bd1e8547e0a8b8ba,23_hailing_0_103_103_sample_1_0302-0604,SemanticGesticulator,Seamless,model_a,False,"[""RecognisableGestures"",""MotionOther""]","""right side starting making some strange gestures towards the end."""
63614a46bd1e8547e0a8b8ba,24_kexin_0_87_87_sample_2_0323-0663,HoloGest,RAG-Gesture,model_a,False,"[""MotionOther"",""RecognisableGestures""]","""arm position of the left side appears more natural to me."""
63614a46bd1e8547e0a8b8ba,24_kexin_0_87_87_sample_2_0323-0663,RAG-Gesture,Seamless,model_b,True,"[""RecognisableGestures""]",
63614a46bd1e8547e0a8b8ba,25_goto_0_111_111_sample_1_0326-0660,SemanticGesticulator,RAG-Gesture,model_a,False,"[""AmountIntensityOfMotion"",""MotionOther""]","""the right side was too dramatic towards the end."""
63614a46bd1e8547e0a8b8ba,25_goto_0_81_81_sample_4_0645-0995,ConvoFusion,Seamless,model_b,True,"[""RecognisableGestures""]",
63614a46bd1e8547e0a8b8ba,2_scott_0_1_1_sample_4_0224-0535,RAG-Gesture,ConvoFusion,model_b,False,"[""RecognisableGestures"",""MotionSmoothness""]",
63614a46bd1e8547e0a8b8ba,2_scott_0_65_65_sample_1_0321-0678,RAG-Gesture,SemanticGesticulator,model_a,False,"[""MotionOther""]","""right side feels like a series of random movements."""
63614a46bd1e8547e0a8b8ba,30_katya_0_111_111_sample_1_0316-0655,ConvoFusion,RAG-Gesture,model_b,False,"[""MotionOther"",""MotionSmoothness""]","""left side throws it arms around a bit too much towards the end."""
63614a46bd1e8547e0a8b8ba,3_solomon_0_2_2_sample_1_0356-0701,Seamless,HoloGest,model_b,False,"[""AmountIntensityOfMotion""]",
63614a46bd1e8547e0a8b8ba,3_solomon_0_4_4_sample_3_0242-0526,SemanticGesticulator,RAG-Gesture,model_a,False,"[""MotionSmoothness""]",
63614a46bd1e8547e0a8b8ba,6_carla_0_87_87_sample_5_0351-0664,ConvoFusion,HoloGest,model_a,True,"[""AmountIntensityOfMotion""]",
63614a46bd1e8547e0a8b8ba,9_miranda_0_95_95_sample_5_0313-0664,HoloGest,RAG-Gesture,model_b,False,"[""MotionOther"",""AmountIntensityOfMotion""]","""the left side performs a strange motion by straightening it's arms out to it's sides, which looks out of place."""
636da58a0d76bbb9167dbf3e,10_kieks_0_5_5_sample_2_0308-0630,Seamless,AMUSE,model_a,False,"[""MotionSmoothness""]",
636da58a0d76bbb9167dbf3e,10_kieks_0_95_95_sample_3_0317-0645,Seamless,BEAT2,model_a,False,"[""MotionSmoothness""]",
636da58a0d76bbb9167dbf3e,11_nidal_0_111_111_sample_5_0345-0647,BEAT2,Seamless,model_b,False,"[""AmountIntensityOfMotion""]",
636da58a0d76bbb9167dbf3e,11_nidal_0_111_111_sample_5_0345-0647,Seamless,RAG-Gesture,model_a,False,"[""AmountIntensityOfMotion""]",
636da58a0d76bbb9167dbf3e,11_nidal_0_111_111_sample_5_0345-0647,Seamless,HoloGest,model_b,True,"[""AmountIntensityOfMotion"",""MotionSmoothness""]",
636da58a0d76bbb9167dbf3e,11_nidal_0_81_81_sample_4_0347-0683,RAG-Gesture,Seamless,model_a,False,"[""MotionSmoothness""]",
636da58a0d76bbb9167dbf3e,12_zhao_0_2_2_sample_3_0320-0579,Seamless,ConvoFusion,model_a,True,"[""UnrealisticMotion""]",
636da58a0d76bbb9167dbf3e,12_zhao_0_81_81_sample_3_0293-0613,Seamless,BEAT2,model_a,True,"[""UnrealisticMotion""]",
636da58a0d76bbb9167dbf3e,12_zhao_0_81_81_sample_3_0293-0613,Seamless,DiffuseStyleGesture,model_a,True,"[""MotionSmoothness""]",
636da58a0d76bbb9167dbf3e,17_itoi_0_103_103_sample_3_0329-0679,ConvoFusion,Seamless,tie,,{},
636da58a0d76bbb9167dbf3e,1_wayne_0_2_2_sample_5_0284-0619,Seamless,HoloGest,model_a,False,"[""AmountIntensityOfMotion""]",
636da58a0d76bbb9167dbf3e,1_wayne_0_3_3_sample_3_0264-0598,Seamless,HoloGest,model_a,False,"[""AmountIntensityOfMotion""]",
636da58a0d76bbb9167dbf3e,1_wayne_0_81_81_sample_5_0324-0628,ConvoFusion,Seamless,tie,,{},
636da58a0d76bbb9167dbf3e,20_li_0_65_65_sample_4_0351-0701,Seamless,ConvoFusion,model_b,False,"[""AmountIntensityOfMotion""]",
636da58a0d76bbb9167dbf3e,21_ayana_0_103_103_sample_5_1967-2220,Seamless,HoloGest,model_a,False,"[""MotionSmoothness"",""AmountIntensityOfMotion""]",
636da58a0d76bbb9167dbf3e,24_kexin_0_87_87_sample_2_0323-0663,RAG-Gesture,HoloGest,model_b,False,"[""AmountIntensityOfMotion""]",
636da58a0d76bbb9167dbf3e,27_yingqing_0_103_103_sample_3_0324-0629,DiffuseStyleGesture,Seamless,model_b,True,"[""MotionSmoothness""]",
636da58a0d76bbb9167dbf3e,28_tiffnay_0_2_2_sample_3_0328-0581,Seamless,AMUSE,model_a,True,"[""AmountIntensityOfMotion""]",
636da58a0d76bbb9167dbf3e,28_tiffnay_0_2_2_sample_3_0328-0581,SemanticGesticulator,Seamless,model_b,False,"[""MotionSmoothness""]",
636da58a0d76bbb9167dbf3e,28_tiffnay_0_73_73_sample_2_0342-0701,RAG-Gesture,ConvoFusion,model_b,False,"[""MotionSmoothness""]",
636da58a0d76bbb9167dbf3e,2_scott_0_1_1_sample_4_0224-0535,SemanticGesticulator,Seamless,model_a,True,"[""AmountIntensityOfMotion"",""RecognisableGestures""]",
636da58a0d76bbb9167dbf3e,2_scott_0_2_2_sample_1_0246-0572,SemanticGesticulator,HoloGest,model_a,False,"[""AmountIntensityOfMotion""]",
636da58a0d76bbb9167dbf3e,5_stewart_0_65_65_sample_2_0256-0569,AMUSE,Seamless,model_b,False,"[""AmountIntensityOfMotion"",""MotionSmoothness""]",
636da58a0d76bbb9167dbf3e,5_stewart_0_8_8_sample_1_0283-0585,Seamless,DiffuseStyleGesture,tie,,{},
636da58a0d76bbb9167dbf3e,9_miranda_0_65_65_sample_2_0272-0629,Seamless,BEAT2,model_a,True,"[""AmountIntensityOfMotion""]",
6455a2f9877295785cc4a9d3,10_kieks_0_5_5_sample_2_0308-0630,HoloGest,RAG-Gesture,model_a,False,"[""MotionSmoothness"",""AmountIntensityOfMotion""]",
6455a2f9877295785cc4a9d3,10_kieks_0_73_73_sample_2_0250-0590,HoloGest,SemanticGesticulator,model_b,False,"[""UnrealisticMotion"",""MotionSmoothness"",""AmountIntensityOfMotion""]",
6455a2f9877295785cc4a9d3,12_zhao_0_103_103_sample_2_1787-2070,ConvoFusion,RAG-Gesture,model_a,False,"[""UnrealisticMotion"",""AmountIntensityOfMotion""]",
6455a2f9877295785cc4a9d3,12_zhao_0_81_81_sample_3_0293-0613,HoloGest,RAG-Gesture,model_a,False,"[""MotionSmoothness"",""AmountIntensityOfMotion""]",
6455a2f9877295785cc4a9d3,12_zhao_0_87_87_sample_1_0295-0634,ConvoFusion,RAG-Gesture,model_a,False,"[""AmountIntensityOfMotion"",""MotionSmoothness""]",
6455a2f9877295785cc4a9d3,13_lu_0_103_103_sample_4_0344-0615,HoloGest,SemanticGesticulator,tie,,{},
6455a2f9877295785cc4a9d3,15_carlos_0_87_87_sample_4_0346-0654,HoloGest,RAG-Gesture,model_a,False,"[""AmountIntensityOfMotion""]",
6455a2f9877295785cc4a9d3,16_jorge_0_1_1_sample_5_0316-0617,RAG-Gesture,ConvoFusion,model_a,False,"[""AmountIntensityOfMotion""]",
6455a2f9877295785cc4a9d3,16_jorge_0_2_2_sample_2_1164-1505,RAG-Gesture,SemanticGesticulator,tie,,"[""UnrealisticMotion""]",
6455a2f9877295785cc4a9d3,17_itoi_0_103_103_sample_3_0329-0679,RAG-Gesture,HoloGest,model_b,False,"[""MotionSmoothness"",""AmountIntensityOfMotion""]",
6455a2f9877295785cc4a9d3,17_itoi_0_73_73_sample_4_0251-0547,SemanticGesticulator,HoloGest,model_b,False,"[""RecognisableGestures""]",
6455a2f9877295785cc4a9d3,18_daiki_0_111_111_sample_2_0331-0677,ConvoFusion,HoloGest,tie,,"[""RecognisableGestures""]",
6455a2f9877295785cc4a9d3,1_wayne_0_6_6_sample_5_0344-0618,HoloGest,SemanticGesticulator,tie,,{},
6455a2f9877295785cc4a9d3,20_li_0_95_95_sample_2_0344-0650,SemanticGesticulator,RAG-Gesture,model_a,False,"[""MotionSmoothness"",""AmountIntensityOfMotion""]",
6455a2f9877295785cc4a9d3,22_luqi_0_103_103_sample_2_0339-0687,RAG-Gesture,SemanticGesticulator,model_b,False,"[""UnrealisticMotion""]",
6455a2f9877295785cc4a9d3,23_hailing_0_95_95_sample_4_0354-0681,SemanticGesticulator,RAG-Gesture,model_a,False,"[""AmountIntensityOfMotion""]",
6455a2f9877295785cc4a9d3,27_yingqing_0_103_103_sample_3_0324-0629,ConvoFusion,RAG-Gesture,model_b,False,"[""UnrealisticMotion"",""AmountIntensityOfMotion"",""MotionSmoothness""]",
6455a2f9877295785cc4a9d3,27_yingqing_0_65_65_sample_5_0332-0690,SemanticGesticulator,RAG-Gesture,model_a,False,"[""UnrealisticMotion""]",
6455a2f9877295785cc4a9d3,2_scott_0_87_87_sample_4_0319-0635,SemanticGesticulator,HoloGest,model_b,False,"[""AmountIntensityOfMotion"",""MotionSmoothness""]",
6455a2f9877295785cc4a9d3,3_solomon_0_111_111_sample_4_0344-0704,ConvoFusion,HoloGest,tie,,{},
6455a2f9877295785cc4a9d3,4_lawrence_0_95_95_sample_1_0330-0649,ConvoFusion,RAG-Gesture,model_a,False,"[""AmountIntensityOfMotion"",""MotionSmoothness""]",
6455a2f9877295785cc4a9d3,4_lawrence_0_95_95_sample_1_0330-0649,ConvoFusion,HoloGest,model_b,False,"[""RecognisableGestures"",""AmountIntensityOfMotion""]",
6455a2f9877295785cc4a9d3,5_stewart_0_8_8_sample_1_0283-0585,HoloGest,RAG-Gesture,model_a,False,"[""AmountIntensityOfMotion"",""MotionSmoothness""]",
6455a2f9877295785cc4a9d3,7_sophie_0_8_8_sample_5_0322-0670,HoloGest,ConvoFusion,model_a,False,"[""AmountIntensityOfMotion""]",
6455a2f9877295785cc4a9d3,9_miranda_0_65_65_sample_2_0272-0629,HoloGest,ConvoFusion,model_a,False,"[""AmountIntensityOfMotion""]",
6507b0bf6c158dca2bfde795,11_nidal_0_111_111_sample_5_0345-0647,HoloGest,SemanticGesticulator,model_a,True,"[""MotionSmoothness"",""AmountIntensityOfMotion"",""RecognisableGestures""]",
6507b0bf6c158dca2bfde795,11_nidal_0_3_3_sample_5_0254-0610,ConvoFusion,SemanticGesticulator,model_b,False,"[""RecognisableGestures""]",
6507b0bf6c158dca2bfde795,11_nidal_0_73_73_sample_3_0297-0649,RAG-Gesture,ConvoFusion,tie,,{},
6507b0bf6c158dca2bfde795,12_zhao_0_87_87_sample_1_0295-0634,RAG-Gesture,BEAT2,model_a,False,"[""UnrealisticMotion""]",
6507b0bf6c158dca2bfde795,13_lu_0_81_81_sample_5_0302-0634,ConvoFusion,SemanticGesticulator,model_a,True,"[""AmountIntensityOfMotion"",""RecognisableGestures""]",
6507b0bf6c158dca2bfde795,15_carlos_0_1_1_sample_5_0328-0688,SemanticGesticulator,RAG-Gesture,model_b,True,"[""RecognisableGestures"",""AmountIntensityOfMotion"",""MotionOther""]","""The Right video looked more natural compared to Left which looked a bit more stiff and awkward """
6507b0bf6c158dca2bfde795,15_carlos_0_87_87_sample_4_0346-0654,RAG-Gesture,ConvoFusion,model_b,True,"[""RecognisableGestures""]",
6507b0bf6c158dca2bfde795,1_wayne_0_2_2_sample_5_0284-0619,ConvoFusion,SemanticGesticulator,model_b,True,"[""AmountIntensityOfMotion"",""RecognisableGestures""]",
6507b0bf6c158dca2bfde795,1_wayne_0_6_6_sample_5_0344-0618,ConvoFusion,HoloGest,model_b,True,"[""RecognisableGestures"",""AmountIntensityOfMotion""]",
6507b0bf6c158dca2bfde795,20_li_0_1_1_sample_3_0285-0561,RAG-Gesture,HoloGest,model_b,True,"[""AmountIntensityOfMotion"",""RecognisableGestures"",""MotionOther""]","""awkward gestures on the left video"""
6507b0bf6c158dca2bfde795,20_li_0_65_65_sample_4_0351-0701,BEAT2,RAG-Gesture,model_a,True,"[""AmountIntensityOfMotion"",""RecognisableGestures""]",
6507b0bf6c158dca2bfde795,20_li_0_95_95_sample_2_0344-0650,HoloGest,ConvoFusion,model_a,True,"[""RecognisableGestures""]",
6507b0bf6c158dca2bfde795,21_ayana_0_103_103_sample_5_1967-2220,RAG-Gesture,HoloGest,tie,,{},
6507b0bf6c158dca2bfde795,22_luqi_0_73_73_sample_4_0346-0670,RAG-Gesture,ConvoFusion,tie,,{},
6507b0bf6c158dca2bfde795,22_luqi_0_73_73_sample_4_0346-0670,RAG-Gesture,SemanticGesticulator,model_a,False,"[""RecognisableGestures""]",
6507b0bf6c158dca2bfde795,22_luqi_0_87_87_sample_2_0328-0681,BEAT2,RAG-Gesture,model_a,False,"[""RecognisableGestures""]",
6507b0bf6c158dca2bfde795,25_goto_0_111_111_sample_1_0326-0660,RAG-Gesture,BEAT2,model_a,False,"[""RecognisableGestures"",""AmountIntensityOfMotion""]",
6507b0bf6c158dca2bfde795,2_scott_0_111_111_sample_4_0288-0582,HoloGest,ConvoFusion,tie,,{},
6507b0bf6c158dca2bfde795,2_scott_0_3_3_sample_2_0359-0591,ConvoFusion,BEAT2,model_b,True,"[""RecognisableGestures"",""AmountIntensityOfMotion"",""MotionSmoothness""]",
6507b0bf6c158dca2bfde795,2_scott_0_65_65_sample_1_0321-0678,HoloGest,RAG-Gesture,model_b,True,"[""AmountIntensityOfMotion"",""RecognisableGestures""]",
6507b0bf6c158dca2bfde795,3_solomon_0_111_111_sample_4_0344-0704,ConvoFusion,BEAT2,model_b,True,"[""RecognisableGestures""]",
6507b0bf6c158dca2bfde795,5_stewart_0_7_7_sample_3_0293-0571,RAG-Gesture,SemanticGesticulator,tie,,{},
6507b0bf6c158dca2bfde795,7_sophie_0_65_65_sample_2_0357-0705,SemanticGesticulator,HoloGest,model_a,False,"[""RecognisableGestures""]",
6507b0bf6c158dca2bfde795,9_miranda_0_73_73_sample_1_0265-0592,ConvoFusion,BEAT2,model_a,True,"[""RecognisableGestures""]",""""""
6507b0bf6c158dca2bfde795,9_miranda_0_95_95_sample_5_0313-0664,HoloGest,SemanticGesticulator,model_a,True,"[""RecognisableGestures"",""MotionOther"",""AmountIntensityOfMotion""]","""Hand movement was very stiff in the Right video """
6529aca800ead52f4492be19,10_kieks_0_8_8_sample_2_0350-0622,SemanticGesticulator,HoloGest,tie,,{},
6529aca800ead52f4492be19,10_kieks_0_95_95_sample_3_0317-0645,RAG-Gesture,ConvoFusion,model_b,False,"[""MotionSmoothness""]",
6529aca800ead52f4492be19,12_zhao_0_103_103_sample_2_1787-2070,Seamless,AMUSE,model_b,False,"[""UnrealisticMotion""]",
6529aca800ead52f4492be19,12_zhao_0_81_81_sample_3_0293-0613,Seamless,HoloGest,model_b,False,"[""UnrealisticMotion""]",
6529aca800ead52f4492be19,13_lu_0_81_81_sample_5_0302-0634,RAG-Gesture,SemanticGesticulator,model_b,False,"[""RecognisableGestures""]",
6529aca800ead52f4492be19,15_carlos_0_87_87_sample_4_0346-0654,ConvoFusion,Seamless,model_a,False,"[""MotionSmoothness""]",
6529aca800ead52f4492be19,17_itoi_0_103_103_sample_3_0329-0679,Seamless,SemanticGesticulator,tie,,{},
6529aca800ead52f4492be19,1_wayne_0_4_4_sample_1_0352-0692,RAG-Gesture,ConvoFusion,model_b,False,"[""MotionSmoothness""]",
6529aca800ead52f4492be19,20_li_0_95_95_sample_2_0344-0650,Seamless,ConvoFusion,tie,,{},
6529aca800ead52f4492be19,21_ayana_0_65_65_sample_3_0362-0652,Seamless,BEAT2,model_a,False,"[""RecognisableGestures""]",
6529aca800ead52f4492be19,21_ayana_0_81_81_sample_1_0236-0585,Seamless,RAG-Gesture,model_a,True,"[""MotionSmoothness"",""RecognisableGestures""]",
6529aca800ead52f4492be19,22_luqi_0_87_87_sample_2_0328-0681,Seamless,DiffuseStyleGesture,tie,,{},
6529aca800ead52f4492be19,27_yingqing_0_103_103_sample_3_0324-0629,ConvoFusion,RAG-Gesture,model_b,True,"[""UnrealisticMotion""]",
6529aca800ead52f4492be19,27_yingqing_0_73_73_sample_2_0337-0691,RAG-Gesture,Seamless,model_a,False,"[""AmountIntensityOfMotion""]",
6529aca800ead52f4492be19,28_tiffnay_0_65_65_sample_4_0341-0666,HoloGest,RAG-Gesture,tie,,{},
6529aca800ead52f4492be19,2_scott_0_65_65_sample_1_0321-0678,Seamless,BEAT2,model_b,False,"[""AmountIntensityOfMotion"",""RecognisableGestures""]",
6529aca800ead52f4492be19,30_katya_0_111_111_sample_1_0316-0655,Seamless,HoloGest,model_a,False,"[""MotionSmoothness""]",
6529aca800ead52f4492be19,30_katya_0_111_111_sample_1_0316-0655,HoloGest,SemanticGesticulator,tie,,{},
6529aca800ead52f4492be19,30_katya_0_95_95_sample_5_0271-0618,HoloGest,RAG-Gesture,model_b,False,"[""AmountIntensityOfMotion"",""RecognisableGestures""]",
6529aca800ead52f4492be19,3_solomon_0_111_111_sample_4_0344-0704,Seamless,AMUSE,model_a,True,"[""MotionSmoothness"",""UnrealisticMotion""]",
6529aca800ead52f4492be19,5_stewart_0_65_65_sample_2_0256-0569,ConvoFusion,HoloGest,model_a,False,"[""AmountIntensityOfMotion""]",
6529aca800ead52f4492be19,6_carla_0_103_103_sample_1_0350-0696,RAG-Gesture,SemanticGesticulator,model_a,False,"[""MotionSmoothness"",""AmountIntensityOfMotion""]",
6529aca800ead52f4492be19,6_carla_0_65_65_sample_2_0352-0655,RAG-Gesture,SemanticGesticulator,tie,,{},
6529aca800ead52f4492be19,7_sophie_0_8_8_sample_5_0322-0670,DiffuseStyleGesture,Seamless,model_b,False,"[""UnrealisticMotion""]",
6529aca800ead52f4492be19,9_miranda_0_95_95_sample_5_0313-0664,Seamless,SemanticGesticulator,model_a,True,"[""MotionSmoothness"",""RecognisableGestures""]",
6553953daddeb31f9794b59c,10_kieks_0_5_5_sample_2_0308-0630,RAG-Gesture,Seamless,model_b,True,"[""AmountIntensityOfMotion""]",
6553953daddeb31f9794b59c,10_kieks_0_8_8_sample_2_0350-0622,RAG-Gesture,SemanticGesticulator,model_b,False,"[""AmountIntensityOfMotion""]",
6553953daddeb31f9794b59c,10_kieks_0_95_95_sample_3_0317-0645,AMUSE,Seamless,model_b,True,"[""RecognisableGestures"",""MotionSmoothness""]",
6553953daddeb31f9794b59c,11_nidal_0_3_3_sample_5_0254-0610,RAG-Gesture,HoloGest,tie,,{},
6553953daddeb31f9794b59c,12_zhao_0_103_103_sample_2_1787-2070,HoloGest,SemanticGesticulator,model_b,False,"[""AmountIntensityOfMotion""]",
6553953daddeb31f9794b59c,17_itoi_0_103_103_sample_3_0329-0679,Seamless,BEAT2,model_b,True,"[""MotionSmoothness"",""RecognisableGestures""]",
6553953daddeb31f9794b59c,1_wayne_0_2_2_sample_5_0284-0619,ConvoFusion,Seamless,model_b,False,"[""AmountIntensityOfMotion"",""RecognisableGestures""]",
6553953daddeb31f9794b59c,1_wayne_0_6_6_sample_5_0344-0618,Seamless,DiffuseStyleGesture,model_a,True,"[""UnrealisticMotion"",""RecognisableGestures""]",
6553953daddeb31f9794b59c,1_wayne_0_81_81_sample_5_0324-0628,RAG-Gesture,Seamless,model_b,True,"[""RecognisableGestures"",""MotionSmoothness""]",
6553953daddeb31f9794b59c,20_li_0_111_111_sample_1_0308-0647,SemanticGesticulator,Seamless,model_b,True,"[""UnrealisticMotion"",""AmountIntensityOfMotion""]",
6553953daddeb31f9794b59c,21_ayana_0_81_81_sample_1_0236-0585,BEAT2,Seamless,model_b,False,"[""MotionSmoothness""]",
6553953daddeb31f9794b59c,22_luqi_0_103_103_sample_2_0339-0687,HoloGest,RAG-Gesture,model_a,False,"[""UnrealisticMotion"",""AmountIntensityOfMotion""]",
6553953daddeb31f9794b59c,23_hailing_0_103_103_sample_1_0302-0604,ConvoFusion,RAG-Gesture,model_b,False,"[""MotionSmoothness""]",
6553953daddeb31f9794b59c,25_goto_0_111_111_sample_1_0326-0660,AMUSE,Seamless,model_a,False,"[""MotionSmoothness""]",
6553953daddeb31f9794b59c,25_goto_0_2_2_sample_3_0347-0675,SemanticGesticulator,RAG-Gesture,model_a,True,"[""UnrealisticMotion""]",
6553953daddeb31f9794b59c,25_goto_0_95_95_sample_2_0349-0706,Seamless,HoloGest,model_a,False,"[""MotionSmoothness""]",
6553953daddeb31f9794b59c,28_tiffnay_0_81_81_sample_1_0302-0623,RAG-Gesture,ConvoFusion,model_b,False,"[""MotionSmoothness""]",
6553953daddeb31f9794b59c,2_scott_0_65_65_sample_1_0321-0678,ConvoFusion,Seamless,model_b,False,"[""MotionSmoothness""]",
6553953daddeb31f9794b59c,2_scott_0_7_7_sample_5_0315-0666,SemanticGesticulator,RAG-Gesture,model_b,False,"[""MotionSmoothness"",""AmountIntensityOfMotion""]",
6553953daddeb31f9794b59c,5_stewart_0_103_103_sample_5_0350-0625,SemanticGesticulator,HoloGest,model_a,False,"[""AmountIntensityOfMotion""]",
6553953daddeb31f9794b59c,5_stewart_0_65_65_sample_2_0256-0569,Seamless,DiffuseStyleGesture,model_a,True,"[""UnrealisticMotion"",""AmountIntensityOfMotion""]",
6553953daddeb31f9794b59c,7_sophie_0_8_8_sample_5_0322-0670,SemanticGesticulator,Seamless,model_a,True,"[""AmountIntensityOfMotion"",""RecognisableGestures""]",
6553953daddeb31f9794b59c,9_miranda_0_65_65_sample_2_0272-0629,HoloGest,RAG-Gesture,model_b,False,"[""AmountIntensityOfMotion""]",
6553953daddeb31f9794b59c,9_miranda_0_65_65_sample_2_0272-0629,SemanticGesticulator,HoloGest,model_a,False,"[""UnrealisticMotion""]",
6553953daddeb31f9794b59c,9_miranda_0_87_87_sample_1_0397-0651,Seamless,HoloGest,model_b,False,"[""AmountIntensityOfMotion"",""MotionSmoothness""]",
657a59ca40daebdb26cb31af,10_kieks_0_8_8_sample_2_0350-0622,Seamless,DiffuseStyleGesture,model_a,True,"[""UnrealisticMotion""]",
657a59ca40daebdb26cb31af,10_kieks_0_95_95_sample_3_0317-0645,Seamless,DiffuseStyleGesture,model_a,True,"[""UnrealisticMotion""]",
657a59ca40daebdb26cb31af,12_zhao_0_87_87_sample_1_0295-0634,BEAT2,Seamless,model_b,False,"[""RecognisableGestures"",""MotionSmoothness""]",
657a59ca40daebdb26cb31af,13_lu_0_95_95_sample_5_0324-0566,ConvoFusion,HoloGest,model_a,True,"[""MotionSmoothness"",""RecognisableGestures""]",
657a59ca40daebdb26cb31af,15_carlos_0_65_65_sample_5_0338-0676,Seamless,SemanticGesticulator,tie,,{},
657a59ca40daebdb26cb31af,16_jorge_0_1_1_sample_5_0316-0617,ConvoFusion,RAG-Gesture,tie,,{},
657a59ca40daebdb26cb31af,18_daiki_0_65_65_sample_3_0219-0575,RAG-Gesture,ConvoFusion,tie,,{},
657a59ca40daebdb26cb31af,1_wayne_0_6_6_sample_5_0344-0618,Seamless,ConvoFusion,tie,,{},
657a59ca40daebdb26cb31af,22_luqi_0_73_73_sample_4_0346-0670,RAG-Gesture,SemanticGesticulator,tie,,{},
657a59ca40daebdb26cb31af,22_luqi_0_95_95_sample_5_0353-0692,Seamless,SemanticGesticulator,tie,,{},
657a59ca40daebdb26cb31af,23_hailing_0_103_103_sample_1_0302-0604,BEAT2,Seamless,tie,,{},
657a59ca40daebdb26cb31af,23_hailing_0_111_111_sample_2_0340-0691,SemanticGesticulator,RAG-Gesture,tie,,{},
657a59ca40daebdb26cb31af,24_kexin_0_103_103_sample_4_0347-0684,SemanticGesticulator,HoloGest,tie,,{},
657a59ca40daebdb26cb31af,27_yingqing_0_103_103_sample_3_0324-0629,HoloGest,SemanticGesticulator,tie,,{},
657a59ca40daebdb26cb31af,27_yingqing_0_1_1_sample_3_0322-0620,RAG-Gesture,ConvoFusion,tie,,{},
657a59ca40daebdb26cb31af,28_tiffnay_0_2_2_sample_3_0328-0581,Seamless,ConvoFusion,tie,,{},
657a59ca40daebdb26cb31af,2_scott_0_111_111_sample_4_0288-0582,HoloGest,RAG-Gesture,tie,,{},
657a59ca40daebdb26cb31af,2_scott_0_3_3_sample_2_0359-0591,HoloGest,RAG-Gesture,tie,,{},
657a59ca40daebdb26cb31af,2_scott_0_7_7_sample_5_0315-0666,HoloGest,Seamless,tie,,{},
657a59ca40daebdb26cb31af,30_katya_0_111_111_sample_1_0316-0655,Seamless,RAG-Gesture,model_a,False,"[""MotionSmoothness""]",
657a59ca40daebdb26cb31af,4_lawrence_0_65_65_sample_3_0322-0675,Seamless,RAG-Gesture,model_a,True,"[""RecognisableGestures"",""MotionSmoothness""]",
657a59ca40daebdb26cb31af,4_lawrence_0_87_87_sample_1_0349-0671,HoloGest,Seamless,tie,,{},
657a59ca40daebdb26cb31af,6_carla_0_65_65_sample_2_0352-0655,AMUSE,Seamless,model_b,False,"[""UnrealisticMotion""]",
657a59ca40daebdb26cb31af,6_carla_0_87_87_sample_5_0351-0664,HoloGest,SemanticGesticulator,model_a,False,"[""MotionSmoothness""]",
657a59ca40daebdb26cb31af,7_sophie_0_8_8_sample_5_0322-0670,Seamless,AMUSE,model_a,False,"[""UnrealisticMotion""]",
6690464404e2d3a5271a608d,11_nidal_0_73_73_sample_3_0297-0649,SemanticGesticulator,RAG-Gesture,model_b,False,"[""MotionSmoothness""]",
6690464404e2d3a5271a608d,13_lu_0_73_73_sample_3_0299-0656,HoloGest,ConvoFusion,model_a,False,"[""MotionSmoothness""]",
6690464404e2d3a5271a608d,13_lu_0_95_95_sample_5_0324-0566,AMUSE,ConvoFusion,model_b,True,"[""MotionSmoothness"",""RecognisableGestures""]",
6690464404e2d3a5271a608d,16_jorge_0_1_1_sample_5_0316-0617,SemanticGesticulator,BEAT2,tie,,{},
6690464404e2d3a5271a608d,16_jorge_0_2_2_sample_2_1164-1505,ConvoFusion,BEAT2,tie,,{},
6690464404e2d3a5271a608d,17_itoi_0_103_103_sample_3_0329-0679,ConvoFusion,SemanticGesticulator,model_a,True,"[""MotionSmoothness""]",
6690464404e2d3a5271a608d,17_itoi_0_103_103_sample_3_0329-0679,DiffuseStyleGesture,AMUSE,model_a,False,"[""MotionSmoothness""]",
6690464404e2d3a5271a608d,17_itoi_0_2_2_sample_1_0356-0677,HoloGest,BEAT2,tie,,{},
6690464404e2d3a5271a608d,1_wayne_0_65_65_sample_3_0295-0543,BEAT2,RAG-Gesture,model_a,False,"[""MotionSmoothness""]",
6690464404e2d3a5271a608d,1_wayne_0_6_6_sample_5_0344-0618,DiffuseStyleGesture,SemanticGesticulator,tie,,{},
6690464404e2d3a5271a608d,20_li_0_65_65_sample_4_0351-0701,HoloGest,DiffuseStyleGesture,model_a,False,"[""MotionSmoothness""]",
6690464404e2d3a5271a608d,22_luqi_0_95_95_sample_5_0353-0692,BEAT2,AMUSE,model_a,False,"[""MotionSmoothness""]",
6690464404e2d3a5271a608d,23_hailing_0_81_81_sample_2_0278-0629,DiffuseStyleGesture,HoloGest,model_b,False,"[""MotionSmoothness"",""RecognisableGestures""]",
6690464404e2d3a5271a608d,24_kexin_0_65_65_sample_4_0266-0626,RAG-Gesture,DiffuseStyleGesture,model_a,True,"[""MotionSmoothness"",""RecognisableGestures""]",
6690464404e2d3a5271a608d,27_yingqing_0_65_65_sample_5_0332-0690,SemanticGesticulator,HoloGest,model_b,True,"[""RecognisableGestures"",""UnrealisticMotion""]",
6690464404e2d3a5271a608d,28_tiffnay_0_2_2_sample_3_0328-0581,AMUSE,SemanticGesticulator,model_b,False,"[""MotionSmoothness""]",
6690464404e2d3a5271a608d,28_tiffnay_0_81_81_sample_1_0302-0623,AMUSE,RAG-Gesture,tie,,{},
6690464404e2d3a5271a608d,2_scott_0_1_1_sample_4_0224-0535,ConvoFusion,DiffuseStyleGesture,model_a,True,"[""UnrealisticMotion"",""MotionSmoothness""]",
6690464404e2d3a5271a608d,2_scott_0_7_7_sample_5_0315-0666,BEAT2,ConvoFusion,tie,,{},
6690464404e2d3a5271a608d,3_solomon_0_4_4_sample_3_0242-0526,DiffuseStyleGesture,AMUSE,tie,,{},
6690464404e2d3a5271a608d,4_lawrence_0_81_81_sample_3_0348-0701,DiffuseStyleGesture,BEAT2,model_b,False,"[""MotionSmoothness""]",
6690464404e2d3a5271a608d,5_stewart_0_103_103_sample_5_0350-0625,ConvoFusion,RAG-Gesture,model_b,False,"[""RecognisableGestures""]",
6690464404e2d3a5271a608d,5_stewart_0_65_65_sample_2_0256-0569,RAG-Gesture,AMUSE,model_a,True,"[""MotionSmoothness"",""RecognisableGestures"",""UnrealisticMotion""]",
6690464404e2d3a5271a608d,6_carla_0_65_65_sample_2_0352-0655,RAG-Gesture,HoloGest,tie,,{},
6690464404e2d3a5271a608d,9_miranda_0_95_95_sample_5_0313-0664,AMUSE,HoloGest,model_b,False,"[""UnrealisticMotion""]",
6691bc059b0182b0bdd7d682,11_nidal_0_81_81_sample_4_0347-0683,BEAT2,RAG-Gesture,model_b,False,"[""RecognisableGestures""]",
6691bc059b0182b0bdd7d682,13_lu_0_103_103_sample_4_0344-0615,BEAT2,HoloGest,tie,,{},
6691bc059b0182b0bdd7d682,15_carlos_0_87_87_sample_4_0346-0654,HoloGest,ConvoFusion,model_b,True,"[""MotionSmoothness"",""AmountIntensityOfMotion""]",
6691bc059b0182b0bdd7d682,16_jorge_0_1_1_sample_5_0316-0617,AMUSE,ConvoFusion,model_b,True,"[""RecognisableGestures""]",
6691bc059b0182b0bdd7d682,17_itoi_0_73_73_sample_4_0251-0547,AMUSE,RAG-Gesture,model_b,False,"[""MotionSmoothness""]",
6691bc059b0182b0bdd7d682,1_wayne_0_2_2_sample_5_0284-0619,RAG-Gesture,HoloGest,model_b,True,"[""UnrealisticMotion""]",
6691bc059b0182b0bdd7d682,1_wayne_0_4_4_sample_1_0352-0692,HoloGest,AMUSE,model_a,True,"[""MotionSmoothness"",""AmountIntensityOfMotion""]",
6691bc059b0182b0bdd7d682,20_li_0_1_1_sample_3_0285-0561,DiffuseStyleGesture,SemanticGesticulator,model_b,True,"[""MotionSmoothness"",""AmountIntensityOfMotion""]",
6691bc059b0182b0bdd7d682,20_li_0_1_1_sample_3_0285-0561,BEAT2,DiffuseStyleGesture,model_a,True,"[""AmountIntensityOfMotion""]",
6691bc059b0182b0bdd7d682,20_li_0_1_1_sample_3_0285-0561,SemanticGesticulator,HoloGest,tie,,{},
6691bc059b0182b0bdd7d682,21_ayana_0_81_81_sample_1_0236-0585,SemanticGesticulator,AMUSE,model_a,True,"[""MotionSmoothness"",""AmountIntensityOfMotion""]",
6691bc059b0182b0bdd7d682,23_hailing_0_111_111_sample_2_0340-0691,DiffuseStyleGesture,ConvoFusion,model_b,True,"[""MotionSmoothness"",""AmountIntensityOfMotion""]",
6691bc059b0182b0bdd7d682,23_hailing_0_111_111_sample_2_0340-0691,RAG-Gesture,HoloGest,tie,,{},
6691bc059b0182b0bdd7d682,24_kexin_0_111_111_sample_5_0352-0696,AMUSE,RAG-Gesture,model_b,True,"[""MotionSmoothness""]",
6691bc059b0182b0bdd7d682,24_kexin_0_87_87_sample_2_0323-0663,BEAT2,ConvoFusion,model_b,True,"[""MotionSmoothness"",""AmountIntensityOfMotion""]",
6691bc059b0182b0bdd7d682,27_yingqing_0_1_1_sample_3_0322-0620,HoloGest,SemanticGesticulator,tie,,{},
6691bc059b0182b0bdd7d682,28_tiffnay_0_73_73_sample_2_0342-0701,AMUSE,HoloGest,model_b,True,"[""MotionSmoothness"",""AmountIntensityOfMotion""]",
6691bc059b0182b0bdd7d682,2_scott_0_7_7_sample_5_0315-0666,DiffuseStyleGesture,ConvoFusion,model_b,True,"[""UnrealisticMotion""]",
6691bc059b0182b0bdd7d682,30_katya_0_95_95_sample_5_0271-0618,SemanticGesticulator,ConvoFusion,model_a,True,"[""UnrealisticMotion""]",
6691bc059b0182b0bdd7d682,30_katya_0_95_95_sample_5_0271-0618,DiffuseStyleGesture,HoloGest,model_b,True,"[""UnrealisticMotion"",""MotionSmoothness""]",
6691bc059b0182b0bdd7d682,4_lawrence_0_65_65_sample_3_0322-0675,ConvoFusion,AMUSE,model_a,False,"[""MotionSmoothness""]",
6691bc059b0182b0bdd7d682,5_stewart_0_7_7_sample_3_0293-0571,DiffuseStyleGesture,SemanticGesticulator,tie,,{},
6691bc059b0182b0bdd7d682,6_carla_0_103_103_sample_1_0350-0696,SemanticGesticulator,ConvoFusion,tie,,{},
6691bc059b0182b0bdd7d682,7_sophie_0_111_111_sample_4_0333-0613,AMUSE,SemanticGesticulator,model_a,False,"[""MotionSmoothness""]",
6691bc059b0182b0bdd7d682,7_sophie_0_65_65_sample_2_0357-0705,RAG-Gesture,ConvoFusion,model_a,False,"[""RecognisableGestures""]",
66dd097265650e0dec23231f,10_kieks_0_5_5_sample_2_0308-0630,RAG-Gesture,ConvoFusion,tie,,{},
66dd097265650e0dec23231f,12_zhao_0_103_103_sample_2_1787-2070,RAG-Gesture,SemanticGesticulator,model_b,True,"[""UnrealisticMotion"",""MotionOther""]","""Problematic glitching on left side. Hands disappearing into body."""
66dd097265650e0dec23231f,12_zhao_0_2_2_sample_3_0320-0579,RAG-Gesture,SemanticGesticulator,model_a,False,"[""AmountIntensityOfMotion"",""MotionOther""]","""Right side was a little too repetitive"""
66dd097265650e0dec23231f,12_zhao_0_2_2_sample_3_0320-0579,HoloGest,RAG-Gesture,model_a,True,"[""AmountIntensityOfMotion""]",
66dd097265650e0dec23231f,12_zhao_0_87_87_sample_1_0295-0634,RAG-Gesture,ConvoFusion,model_b,False,"[""MotionOther"",""UnrealisticMotion""]","""Some body shifting on the left side."""
66dd097265650e0dec23231f,15_carlos_0_1_1_sample_5_0328-0688,ConvoFusion,RAG-Gesture,model_a,False,"[""UnrealisticMotion"",""MotionOther""]","""Strange shifts of the body in a few occasions on the right side."""
66dd097265650e0dec23231f,15_carlos_0_1_1_sample_5_0328-0688,ConvoFusion,HoloGest,model_b,False,"[""MotionSmoothness""]",
66dd097265650e0dec23231f,18_daiki_0_81_81_sample_4_0277-0624,ConvoFusion,HoloGest,model_a,False,"[""MotionSmoothness""]",
66dd097265650e0dec23231f,1_wayne_0_3_3_sample_3_0264-0598,SemanticGesticulator,HoloGest,model_b,False,"[""MotionSmoothness""]",
66dd097265650e0dec23231f,1_wayne_0_6_6_sample_5_0344-0618,ConvoFusion,HoloGest,model_b,False,"[""AmountIntensityOfMotion""]",
66dd097265650e0dec23231f,1_wayne_0_73_73_sample_4_0358-0696,ConvoFusion,RAG-Gesture,tie,,{},
66dd097265650e0dec23231f,22_luqi_0_73_73_sample_4_0346-0670,HoloGest,ConvoFusion,model_a,True,"[""MotionSmoothness"",""AmountIntensityOfMotion""]",
66dd097265650e0dec23231f,23_hailing_0_103_103_sample_1_0302-0604,SemanticGesticulator,RAG-Gesture,model_a,False,"[""AmountIntensityOfMotion""]",
66dd097265650e0dec23231f,23_hailing_0_95_95_sample_4_0354-0681,SemanticGesticulator,HoloGest,model_a,True,"[""AmountIntensityOfMotion"",""MotionOther""]","""Strange crouching motion on the right video."""
66dd097265650e0dec23231f,25_goto_0_111_111_sample_1_0326-0660,RAG-Gesture,ConvoFusion,tie,,{},
66dd097265650e0dec23231f,25_goto_0_95_95_sample_2_0349-0706,HoloGest,SemanticGesticulator,model_a,True,"[""MotionSmoothness"",""MotionOther""]","""Right side seemed odd. Seemed to resemble robotic motions."""
66dd097265650e0dec23231f,27_yingqing_0_73_73_sample_2_0337-0691,SemanticGesticulator,HoloGest,model_a,False,"[""MotionSmoothness"",""AmountIntensityOfMotion""]",
66dd097265650e0dec23231f,27_yingqing_0_73_73_sample_2_0337-0691,RAG-Gesture,SemanticGesticulator,model_b,True,"[""MotionSmoothness"",""UnrealisticMotion"",""MotionOther""]","""Left side had a strange body shift."""
66dd097265650e0dec23231f,27_yingqing_0_73_73_sample_2_0337-0691,ConvoFusion,HoloGest,model_b,True,"[""UnrealisticMotion"",""MotionOther""]","""Hands disappeared into body on the left video."""
66dd097265650e0dec23231f,2_scott_0_3_3_sample_2_0359-0591,HoloGest,RAG-Gesture,model_a,True,"[""UnrealisticMotion"",""MotionOther""]","""Hands disappearing into each other on the right side."""
66dd097265650e0dec23231f,3_solomon_0_2_2_sample_1_0356-0701,HoloGest,RAG-Gesture,model_a,True,"[""UnrealisticMotion"",""MotionOther""]","""Right side seemed to make a strange body shift to the right about halfway through the video."""
66dd097265650e0dec23231f,4_lawrence_0_95_95_sample_1_0330-0649,HoloGest,RAG-Gesture,model_b,False,"[""AmountIntensityOfMotion""]",
66dd097265650e0dec23231f,4_lawrence_0_95_95_sample_1_0330-0649,RAG-Gesture,SemanticGesticulator,model_b,False,"[""AmountIntensityOfMotion""]",
66dd097265650e0dec23231f,6_carla_0_103_103_sample_1_0350-0696,HoloGest,SemanticGesticulator,tie,,{},
66dd097265650e0dec23231f,9_miranda_0_73_73_sample_1_0265-0592,RAG-Gesture,HoloGest,tie,,{},
67160649a88bd704f98575e9,11_nidal_0_111_111_sample_5_0345-0647,SemanticGesticulator,HoloGest,model_a,False,"[""AmountIntensityOfMotion""]",
67160649a88bd704f98575e9,11_nidal_0_81_81_sample_4_0347-0683,ConvoFusion,RAG-Gesture,model_a,False,"[""UnrealisticMotion""]",
67160649a88bd704f98575e9,12_zhao_0_87_87_sample_1_0295-0634,SemanticGesticulator,RAG-Gesture,model_b,True,"[""AmountIntensityOfMotion""]",
67160649a88bd704f98575e9,13_lu_0_81_81_sample_5_0302-0634,BEAT2,RAG-Gesture,model_a,False,"[""RecognisableGestures"",""MotionSmoothness""]",
67160649a88bd704f98575e9,17_itoi_0_65_65_sample_5_0284-0612,BEAT2,HoloGest,model_b,False,"[""AmountIntensityOfMotion""]",
67160649a88bd704f98575e9,1_wayne_0_6_6_sample_5_0344-0618,BEAT2,HoloGest,tie,,{},
67160649a88bd704f98575e9,1_wayne_0_81_81_sample_5_0324-0628,SemanticGesticulator,BEAT2,model_b,False,"[""RecognisableGestures"",""MotionSmoothness""]",
67160649a88bd704f98575e9,20_li_0_111_111_sample_1_0308-0647,RAG-Gesture,SemanticGesticulator,tie,,{},
67160649a88bd704f98575e9,21_ayana_0_111_111_sample_2_1554-1864,SemanticGesticulator,BEAT2,model_a,False,"[""AmountIntensityOfMotion"",""MotionSmoothness""]",
67160649a88bd704f98575e9,21_ayana_0_65_65_sample_3_0362-0652,BEAT2,HoloGest,model_a,True,"[""MotionSmoothness"",""AmountIntensityOfMotion"",""RecognisableGestures""]",
67160649a88bd704f98575e9,24_kexin_0_103_103_sample_4_0347-0684,ConvoFusion,BEAT2,model_a,True,"[""MotionSmoothness""]",
67160649a88bd704f98575e9,24_kexin_0_87_87_sample_2_0323-0663,HoloGest,RAG-Gesture,model_a,False,"[""AmountIntensityOfMotion""]",
67160649a88bd704f98575e9,24_kexin_0_87_87_sample_2_0323-0663,SemanticGesticulator,BEAT2,model_a,True,"[""UnrealisticMotion""]",
67160649a88bd704f98575e9,25_goto_0_2_2_sample_3_0347-0675,HoloGest,ConvoFusion,model_b,False,"[""MotionSmoothness""]",
67160649a88bd704f98575e9,25_goto_0_2_2_sample_3_0347-0675,RAG-Gesture,BEAT2,tie,,{},
67160649a88bd704f98575e9,25_goto_0_81_81_sample_4_0645-0995,RAG-Gesture,HoloGest,model_a,False,"[""MotionSmoothness"",""AmountIntensityOfMotion""]",
67160649a88bd704f98575e9,27_yingqing_0_103_103_sample_3_0324-0629,ConvoFusion,HoloGest,model_b,True,"[""UnrealisticMotion""]",
67160649a88bd704f98575e9,28_tiffnay_0_2_2_sample_3_0328-0581,SemanticGesticulator,ConvoFusion,model_a,True,"[""AmountIntensityOfMotion"",""RecognisableGestures""]",
67160649a88bd704f98575e9,28_tiffnay_0_2_2_sample_3_0328-0581,RAG-Gesture,SemanticGesticulator,model_a,False,"[""MotionSmoothness""]",
67160649a88bd704f98575e9,28_tiffnay_0_81_81_sample_1_0302-0623,ConvoFusion,BEAT2,tie,,{},
67160649a88bd704f98575e9,30_katya_0_95_95_sample_5_0271-0618,ConvoFusion,RAG-Gesture,model_b,True,"[""UnrealisticMotion""]",
67160649a88bd704f98575e9,4_lawrence_0_65_65_sample_3_0322-0675,ConvoFusion,RAG-Gesture,model_a,False,"[""RecognisableGestures""]",
67160649a88bd704f98575e9,5_stewart_0_103_103_sample_5_0350-0625,ConvoFusion,SemanticGesticulator,tie,,{},
67160649a88bd704f98575e9,6_carla_0_65_65_sample_2_0352-0655,HoloGest,SemanticGesticulator,tie,,{},
67160649a88bd704f98575e9,9_miranda_0_65_65_sample_2_0272-0629,BEAT2,ConvoFusion,tie,,{},
672fd24711f758e7a04ac043,10_kieks_0_5_5_sample_2_0308-0630,BEAT2,Seamless,model_b,False,"[""MotionSmoothness""]",
672fd24711f758e7a04ac043,10_kieks_0_73_73_sample_2_0250-0590,ConvoFusion,HoloGest,tie,,{},
672fd24711f758e7a04ac043,11_nidal_0_111_111_sample_5_0345-0647,ConvoFusion,HoloGest,tie,,{},
672fd24711f758e7a04ac043,11_nidal_0_111_111_sample_5_0345-0647,Seamless,RAG-Gesture,model_a,False,"[""MotionSmoothness"",""RecognisableGestures""]",
672fd24711f758e7a04ac043,12_zhao_0_87_87_sample_1_0295-0634,RAG-Gesture,SemanticGesticulator,model_a,False,"[""MotionSmoothness""]",
672fd24711f758e7a04ac043,13_lu_0_81_81_sample_5_0302-0634,HoloGest,Seamless,model_a,True,"[""UnrealisticMotion"",""MotionSmoothness""]",
672fd24711f758e7a04ac043,15_carlos_0_1_1_sample_5_0328-0688,Seamless,HoloGest,model_b,False,"[""UnrealisticMotion""]",
672fd24711f758e7a04ac043,15_carlos_0_87_87_sample_4_0346-0654,SemanticGesticulator,Seamless,tie,,{},
672fd24711f758e7a04ac043,16_jorge_0_2_2_sample_2_1164-1505,Seamless,RAG-Gesture,model_a,True,"[""MotionSmoothness"",""UnrealisticMotion"",""RecognisableGestures""]",
672fd24711f758e7a04ac043,17_itoi_0_65_65_sample_5_0284-0612,Seamless,SemanticGesticulator,model_b,False,"[""MotionSmoothness"",""RecognisableGestures""]",
672fd24711f758e7a04ac043,18_daiki_0_65_65_sample_3_0219-0575,SemanticGesticulator,HoloGest,model_a,True,"[""MotionSmoothness"",""RecognisableGestures""]",
672fd24711f758e7a04ac043,21_ayana_0_103_103_sample_5_1967-2220,RAG-Gesture,Seamless,model_a,False,"[""UnrealisticMotion"",""AmountIntensityOfMotion""]",
672fd24711f758e7a04ac043,21_ayana_0_111_111_sample_2_1554-1864,Seamless,BEAT2,model_a,False,"[""MotionSmoothness"",""RecognisableGestures""]",
672fd24711f758e7a04ac043,21_ayana_0_65_65_sample_3_0362-0652,Seamless,BEAT2,model_a,False,"[""MotionSmoothness"",""AmountIntensityOfMotion""]",
672fd24711f758e7a04ac043,25_goto_0_81_81_sample_4_0645-0995,HoloGest,ConvoFusion,tie,,{},
672fd24711f758e7a04ac043,2_scott_0_1_1_sample_4_0224-0535,Seamless,SemanticGesticulator,model_b,False,"[""MotionSmoothness"",""RecognisableGestures""]",
672fd24711f758e7a04ac043,2_scott_0_3_3_sample_2_0359-0591,Seamless,RAG-Gesture,model_a,True,"[""MotionSmoothness"",""RecognisableGestures""]",
672fd24711f758e7a04ac043,2_scott_0_87_87_sample_4_0319-0635,Seamless,ConvoFusion,model_a,False,"[""MotionSmoothness""]",
672fd24711f758e7a04ac043,2_scott_0_8_8_sample_3_0308-0599,ConvoFusion,Seamless,model_b,False,"[""MotionSmoothness"",""RecognisableGestures""]",
672fd24711f758e7a04ac043,3_solomon_0_111_111_sample_4_0344-0704,Seamless,HoloGest,tie,,{},
672fd24711f758e7a04ac043,5_stewart_0_103_103_sample_5_0350-0625,HoloGest,ConvoFusion,model_a,True,"[""MotionSmoothness"",""RecognisableGestures""]",
672fd24711f758e7a04ac043,5_stewart_0_7_7_sample_3_0293-0571,Seamless,HoloGest,model_b,True,"[""UnrealisticMotion""]",
672fd24711f758e7a04ac043,6_carla_0_103_103_sample_1_0350-0696,ConvoFusion,Seamless,tie,,{},
672fd24711f758e7a04ac043,7_sophie_0_73_73_sample_3_0299-0578,Seamless,BEAT2,tie,,{},
672fd24711f758e7a04ac043,9_miranda_0_65_65_sample_2_0272-0629,HoloGest,ConvoFusion,tie,,{},
6741ce8667002c96f0362d34,11_nidal_0_3_3_sample_5_0254-0610,AMUSE,DiffuseStyleGesture,model_a,True,"[""MotionSmoothness"",""AmountIntensityOfMotion"",""RecognisableGestures""]",
6741ce8667002c96f0362d34,13_lu_0_81_81_sample_5_0302-0634,HoloGest,RAG-Gesture,model_b,True,"[""MotionSmoothness"",""AmountIntensityOfMotion""]",
6741ce8667002c96f0362d34,13_lu_0_95_95_sample_5_0324-0566,DiffuseStyleGesture,SemanticGesticulator,model_a,True,"[""MotionSmoothness"",""AmountIntensityOfMotion""]",
6741ce8667002c96f0362d34,17_itoi_0_73_73_sample_4_0251-0547,AMUSE,ConvoFusion,model_b,True,"[""MotionSmoothness"",""AmountIntensityOfMotion""]",
6741ce8667002c96f0362d34,1_wayne_0_2_2_sample_5_0284-0619,BEAT2,DiffuseStyleGesture,model_a,True,"[""AmountIntensityOfMotion"",""MotionSmoothness""]",
6741ce8667002c96f0362d34,1_wayne_0_73_73_sample_4_0358-0696,BEAT2,HoloGest,model_b,True,"[""MotionSmoothness"",""AmountIntensityOfMotion"",""RecognisableGestures""]",
6741ce8667002c96f0362d34,1_wayne_0_81_81_sample_5_0324-0628,BEAT2,RAG-Gesture,model_b,True,"[""AmountIntensityOfMotion""]",
6741ce8667002c96f0362d34,20_li_0_65_65_sample_4_0351-0701,ConvoFusion,BEAT2,model_b,True,"[""MotionSmoothness"",""AmountIntensityOfMotion"",""RecognisableGestures""]",
6741ce8667002c96f0362d34,21_ayana_0_81_81_sample_1_0236-0585,RAG-Gesture,ConvoFusion,model_a,True,"[""MotionSmoothness"",""AmountIntensityOfMotion""]",
6741ce8667002c96f0362d34,22_luqi_0_73_73_sample_4_0346-0670,AMUSE,BEAT2,model_b,True,"[""MotionSmoothness"",""AmountIntensityOfMotion""]",
6741ce8667002c96f0362d34,23_hailing_0_111_111_sample_2_0340-0691,RAG-Gesture,SemanticGesticulator,model_a,True,"[""MotionSmoothness"",""AmountIntensityOfMotion"",""RecognisableGestures""]",
6741ce8667002c96f0362d34,23_hailing_0_95_95_sample_4_0354-0681,AMUSE,DiffuseStyleGesture,model_a,True,"[""MotionSmoothness"",""AmountIntensityOfMotion"",""RecognisableGestures""]",
6741ce8667002c96f0362d34,25_goto_0_111_111_sample_1_0326-0660,DiffuseStyleGesture,RAG-Gesture,model_a,True,"[""MotionSmoothness"",""AmountIntensityOfMotion""]",
6741ce8667002c96f0362d34,25_goto_0_111_111_sample_1_0326-0660,RAG-Gesture,AMUSE,model_a,True,"[""MotionSmoothness"",""AmountIntensityOfMotion"",""RecognisableGestures""]",
6741ce8667002c96f0362d34,27_yingqing_0_103_103_sample_3_0324-0629,HoloGest,ConvoFusion,model_a,True,"[""MotionSmoothness"",""AmountIntensityOfMotion""]",
6741ce8667002c96f0362d34,28_tiffnay_0_73_73_sample_2_0342-0701,BEAT2,ConvoFusion,model_b,True,"[""AmountIntensityOfMotion"",""MotionSmoothness""]",
6741ce8667002c96f0362d34,2_scott_0_7_7_sample_5_0315-0666,HoloGest,SemanticGesticulator,model_a,True,"[""MotionSmoothness"",""RecognisableGestures""]",
6741ce8667002c96f0362d34,30_katya_0_111_111_sample_1_0316-0655,ConvoFusion,DiffuseStyleGesture,model_a,True,"[""MotionSmoothness"",""RecognisableGestures"",""AmountIntensityOfMotion""]",
6741ce8667002c96f0362d34,3_solomon_0_5_5_sample_1_0299-0636,SemanticGesticulator,RAG-Gesture,model_a,True,"[""AmountIntensityOfMotion"",""MotionSmoothness""]",
6741ce8667002c96f0362d34,4_lawrence_0_65_65_sample_3_0322-0675,ConvoFusion,DiffuseStyleGesture,model_a,True,"[""MotionSmoothness"",""AmountIntensityOfMotion"",""RecognisableGestures""]",
6741ce8667002c96f0362d34,4_lawrence_0_81_81_sample_3_0348-0701,ConvoFusion,SemanticGesticulator,model_a,True,"[""MotionSmoothness"",""AmountIntensityOfMotion""]",
6741ce8667002c96f0362d34,4_lawrence_0_87_87_sample_1_0349-0671,BEAT2,SemanticGesticulator,model_b,True,"[""MotionSmoothness"",""AmountIntensityOfMotion""]",
6741ce8667002c96f0362d34,4_lawrence_0_95_95_sample_1_0330-0649,AMUSE,SemanticGesticulator,model_b,True,"[""RecognisableGestures""]",
6741ce8667002c96f0362d34,5_stewart_0_8_8_sample_1_0283-0585,DiffuseStyleGesture,HoloGest,model_b,True,"[""MotionSmoothness""]",
6741ce8667002c96f0362d34,6_carla_0_65_65_sample_2_0352-0655,HoloGest,AMUSE,model_a,True,"[""MotionSmoothness"",""AmountIntensityOfMotion""]",
677e3435b16ff7572b1934d2,11_nidal_0_111_111_sample_5_0345-0647,RAG-Gesture,SemanticGesticulator,model_b,False,"[""RecognisableGestures"",""UnrealisticMotion""]",
677e3435b16ff7572b1934d2,12_zhao_0_81_81_sample_3_0293-0613,SemanticGesticulator,HoloGest,model_a,True,"[""MotionSmoothness""]",
677e3435b16ff7572b1934d2,12_zhao_0_87_87_sample_1_0295-0634,BEAT2,SemanticGesticulator,tie,,{},
677e3435b16ff7572b1934d2,16_jorge_0_2_2_sample_2_1164-1505,HoloGest,SemanticGesticulator,model_a,False,"[""AmountIntensityOfMotion"",""MotionSmoothness"",""UnrealisticMotion""]",
677e3435b16ff7572b1934d2,16_jorge_0_2_2_sample_2_1164-1505,SemanticGesticulator,RAG-Gesture,model_b,True,"[""MotionSmoothness"",""AmountIntensityOfMotion"",""RecognisableGestures""]",
677e3435b16ff7572b1934d2,17_itoi_0_103_103_sample_3_0329-0679,HoloGest,BEAT2,model_a,False,"[""AmountIntensityOfMotion"",""MotionSmoothness"",""RecognisableGestures""]",
677e3435b16ff7572b1934d2,17_itoi_0_65_65_sample_5_0284-0612,RAG-Gesture,HoloGest,model_a,True,"[""AmountIntensityOfMotion""]",
677e3435b16ff7572b1934d2,17_itoi_0_73_73_sample_4_0251-0547,RAG-Gesture,HoloGest,model_a,False,"[""AmountIntensityOfMotion"",""MotionSmoothness""]",
677e3435b16ff7572b1934d2,18_daiki_0_2_2_sample_1_0683-1017,RAG-Gesture,ConvoFusion,tie,,{},
677e3435b16ff7572b1934d2,18_daiki_0_65_65_sample_3_0219-0575,BEAT2,SemanticGesticulator,model_a,False,"[""AmountIntensityOfMotion"",""MotionSmoothness"",""RecognisableGestures""]",
677e3435b16ff7572b1934d2,1_wayne_0_3_3_sample_3_0264-0598,SemanticGesticulator,HoloGest,model_a,False,"[""AmountIntensityOfMotion"",""RecognisableGestures""]",
677e3435b16ff7572b1934d2,20_li_0_65_65_sample_4_0351-0701,BEAT2,ConvoFusion,model_b,True,"[""MotionSmoothness"",""AmountIntensityOfMotion"",""RecognisableGestures""]",
677e3435b16ff7572b1934d2,22_luqi_0_95_95_sample_5_0353-0692,ConvoFusion,HoloGest,tie,,{},
677e3435b16ff7572b1934d2,24_kexin_0_111_111_sample_5_0352-0696,ConvoFusion,RAG-Gesture,model_b,False,"[""MotionSmoothness"",""AmountIntensityOfMotion"",""RecognisableGestures""]",
677e3435b16ff7572b1934d2,25_goto_0_95_95_sample_2_0349-0706,BEAT2,ConvoFusion,model_a,True,"[""MotionSmoothness"",""AmountIntensityOfMotion""]",
677e3435b16ff7572b1934d2,28_tiffnay_0_81_81_sample_1_0302-0623,HoloGest,ConvoFusion,tie,,{},
677e3435b16ff7572b1934d2,2_scott_0_111_111_sample_4_0288-0582,BEAT2,RAG-Gesture,tie,,{},
677e3435b16ff7572b1934d2,2_scott_0_2_2_sample_1_0246-0572,RAG-Gesture,HoloGest,model_a,False,"[""MotionSmoothness"",""AmountIntensityOfMotion""]",
677e3435b16ff7572b1934d2,2_scott_0_3_3_sample_2_0359-0591,RAG-Gesture,ConvoFusion,model_a,False,"[""UnrealisticMotion"",""MotionSmoothness""]",
677e3435b16ff7572b1934d2,2_scott_0_87_87_sample_4_0319-0635,SemanticGesticulator,ConvoFusion,model_a,False,"[""MotionSmoothness"",""AmountIntensityOfMotion""]",
677e3435b16ff7572b1934d2,4_lawrence_0_87_87_sample_1_0349-0671,BEAT2,RAG-Gesture,model_b,True,"[""MotionSmoothness"",""AmountIntensityOfMotion"",""RecognisableGestures""]",
677e3435b16ff7572b1934d2,5_stewart_0_7_7_sample_3_0293-0571,BEAT2,HoloGest,model_a,False,"[""AmountIntensityOfMotion"",""MotionSmoothness""]",
677e3435b16ff7572b1934d2,6_carla_0_73_73_sample_4_0358-0686,HoloGest,ConvoFusion,model_b,True,"[""RecognisableGestures"",""AmountIntensityOfMotion"",""MotionSmoothness""]",
677e3435b16ff7572b1934d2,7_sophie_0_65_65_sample_2_0357-0705,SemanticGesticulator,RAG-Gesture,model_b,True,"[""RecognisableGestures""]",
677e3435b16ff7572b1934d2,7_sophie_0_65_65_sample_2_0357-0705,SemanticGesticulator,ConvoFusion,tie,,{},
68164650dd74ce8c307b9e7a,10_kieks_0_5_5_sample_2_0308-0630,BEAT2,HoloGest,model_b,False,"[""MotionSmoothness"",""AmountIntensityOfMotion""]",
68164650dd74ce8c307b9e7a,10_kieks_0_73_73_sample_2_0250-0590,RAG-Gesture,SemanticGesticulator,model_b,True,"[""MotionSmoothness"",""RecognisableGestures""]",
68164650dd74ce8c307b9e7a,10_kieks_0_73_73_sample_2_0250-0590,SemanticGesticulator,BEAT2,model_a,False,"[""MotionSmoothness"",""RecognisableGestures""]",
68164650dd74ce8c307b9e7a,11_nidal_0_81_81_sample_4_0347-0683,RAG-Gesture,SemanticGesticulator,model_a,False,"[""MotionSmoothness""]",
68164650dd74ce8c307b9e7a,15_carlos_0_1_1_sample_5_0328-0688,SemanticGesticulator,RAG-Gesture,model_b,False,"[""MotionSmoothness"",""RecognisableGestures""]",
68164650dd74ce8c307b9e7a,16_jorge_0_103_103_sample_1_0351-0699,BEAT2,ConvoFusion,model_b,False,"[""MotionSmoothness"",""RecognisableGestures""]",
68164650dd74ce8c307b9e7a,17_itoi_0_103_103_sample_3_0329-0679,ConvoFusion,SemanticGesticulator,model_a,False,"[""MotionSmoothness"",""RecognisableGestures""]",
68164650dd74ce8c307b9e7a,17_itoi_0_73_73_sample_4_0251-0547,HoloGest,ConvoFusion,model_b,False,"[""MotionSmoothness"",""RecognisableGestures""]",
68164650dd74ce8c307b9e7a,1_wayne_0_4_4_sample_1_0352-0692,RAG-Gesture,BEAT2,model_b,True,"[""MotionSmoothness"",""RecognisableGestures""]",
68164650dd74ce8c307b9e7a,1_wayne_0_65_65_sample_3_0295-0543,ConvoFusion,BEAT2,model_b,True,"[""MotionSmoothness"",""RecognisableGestures""]",
68164650dd74ce8c307b9e7a,1_wayne_0_6_6_sample_5_0344-0618,SemanticGesticulator,BEAT2,model_b,False,"[""MotionSmoothness"",""RecognisableGestures""]",
68164650dd74ce8c307b9e7a,20_li_0_111_111_sample_1_0308-0647,RAG-Gesture,ConvoFusion,model_a,False,"[""MotionSmoothness"",""RecognisableGestures""]",
68164650dd74ce8c307b9e7a,21_ayana_0_65_65_sample_3_0362-0652,BEAT2,RAG-Gesture,model_b,False,"[""MotionSmoothness"",""RecognisableGestures""]",
68164650dd74ce8c307b9e7a,21_ayana_0_81_81_sample_1_0236-0585,RAG-Gesture,ConvoFusion,model_a,False,"[""RecognisableGestures"",""MotionSmoothness""]",
68164650dd74ce8c307b9e7a,22_luqi_0_103_103_sample_2_0339-0687,HoloGest,ConvoFusion,model_b,False,"[""MotionSmoothness"",""RecognisableGestures""]",
68164650dd74ce8c307b9e7a,22_luqi_0_87_87_sample_2_0328-0681,HoloGest,RAG-Gesture,model_b,True,"[""MotionSmoothness"",""AmountIntensityOfMotion""]",
68164650dd74ce8c307b9e7a,24_kexin_0_103_103_sample_4_0347-0684,HoloGest,ConvoFusion,model_b,False,"[""MotionSmoothness""]",
68164650dd74ce8c307b9e7a,24_kexin_0_65_65_sample_4_0266-0626,RAG-Gesture,ConvoFusion,model_a,False,"[""MotionSmoothness"",""AmountIntensityOfMotion""]",
68164650dd74ce8c307b9e7a,27_yingqing_0_1_1_sample_3_0322-0620,HoloGest,BEAT2,model_b,True,"[""MotionSmoothness"",""RecognisableGestures""]",
68164650dd74ce8c307b9e7a,27_yingqing_0_65_65_sample_5_0332-0690,BEAT2,ConvoFusion,model_b,True,"[""MotionSmoothness"",""RecognisableGestures""]",
68164650dd74ce8c307b9e7a,28_tiffnay_0_2_2_sample_3_0328-0581,HoloGest,SemanticGesticulator,model_a,True,"[""MotionSmoothness"",""AmountIntensityOfMotion""]",
68164650dd74ce8c307b9e7a,28_tiffnay_0_81_81_sample_1_0302-0623,SemanticGesticulator,ConvoFusion,model_a,False,"[""MotionSmoothness"",""RecognisableGestures""]",
68164650dd74ce8c307b9e7a,30_katya_0_87_87_sample_1_0320-0659,SemanticGesticulator,BEAT2,model_b,False,"[""MotionSmoothness"",""RecognisableGestures""]",
68164650dd74ce8c307b9e7a,7_sophie_0_65_65_sample_2_0357-0705,HoloGest,SemanticGesticulator,model_b,False,"[""MotionSmoothness"",""RecognisableGestures""]",
68164650dd74ce8c307b9e7a,9_miranda_0_95_95_sample_5_0313-0664,HoloGest,RAG-Gesture,model_a,False,"[""MotionSmoothness"",""RecognisableGestures""]",
